USE [master]
GO
/****** Object:  Database [TMDT-Lab05]    Script Date: 9/26/2015 4:44:37 AM ******/
CREATE DATABASE [TMDT-Lab05]
 CONTAINMENT = NONE
 ON  PRIMARY 
( NAME = N'TMDT-Lab05', FILENAME = N'c:\Program Files\Microsoft SQL Server\MSSQL11.SQLEXPRESS\MSSQL\DATA\TMDT-Lab05.mdf' , SIZE = 3072KB , MAXSIZE = UNLIMITED, FILEGROWTH = 1024KB )
 LOG ON 
( NAME = N'TMDT-Lab05_log', FILENAME = N'c:\Program Files\Microsoft SQL Server\MSSQL11.SQLEXPRESS\MSSQL\DATA\TMDT-Lab05_log.ldf' , SIZE = 1024KB , MAXSIZE = 2048GB , FILEGROWTH = 10%)
GO
ALTER DATABASE [TMDT-Lab05] SET COMPATIBILITY_LEVEL = 110
GO
IF (1 = FULLTEXTSERVICEPROPERTY('IsFullTextInstalled'))
begin
EXEC [TMDT-Lab05].[dbo].[sp_fulltext_database] @action = 'enable'
end
GO
ALTER DATABASE [TMDT-Lab05] SET ANSI_NULL_DEFAULT OFF 
GO
ALTER DATABASE [TMDT-Lab05] SET ANSI_NULLS OFF 
GO
ALTER DATABASE [TMDT-Lab05] SET ANSI_PADDING OFF 
GO
ALTER DATABASE [TMDT-Lab05] SET ANSI_WARNINGS OFF 
GO
ALTER DATABASE [TMDT-Lab05] SET ARITHABORT OFF 
GO
ALTER DATABASE [TMDT-Lab05] SET AUTO_CLOSE OFF 
GO
ALTER DATABASE [TMDT-Lab05] SET AUTO_CREATE_STATISTICS ON 
GO
ALTER DATABASE [TMDT-Lab05] SET AUTO_SHRINK OFF 
GO
ALTER DATABASE [TMDT-Lab05] SET AUTO_UPDATE_STATISTICS ON 
GO
ALTER DATABASE [TMDT-Lab05] SET CURSOR_CLOSE_ON_COMMIT OFF 
GO
ALTER DATABASE [TMDT-Lab05] SET CURSOR_DEFAULT  GLOBAL 
GO
ALTER DATABASE [TMDT-Lab05] SET CONCAT_NULL_YIELDS_NULL OFF 
GO
ALTER DATABASE [TMDT-Lab05] SET NUMERIC_ROUNDABORT OFF 
GO
ALTER DATABASE [TMDT-Lab05] SET QUOTED_IDENTIFIER OFF 
GO
ALTER DATABASE [TMDT-Lab05] SET RECURSIVE_TRIGGERS OFF 
GO
ALTER DATABASE [TMDT-Lab05] SET  DISABLE_BROKER 
GO
ALTER DATABASE [TMDT-Lab05] SET AUTO_UPDATE_STATISTICS_ASYNC OFF 
GO
ALTER DATABASE [TMDT-Lab05] SET DATE_CORRELATION_OPTIMIZATION OFF 
GO
ALTER DATABASE [TMDT-Lab05] SET TRUSTWORTHY OFF 
GO
ALTER DATABASE [TMDT-Lab05] SET ALLOW_SNAPSHOT_ISOLATION OFF 
GO
ALTER DATABASE [TMDT-Lab05] SET PARAMETERIZATION SIMPLE 
GO
ALTER DATABASE [TMDT-Lab05] SET READ_COMMITTED_SNAPSHOT OFF 
GO
ALTER DATABASE [TMDT-Lab05] SET HONOR_BROKER_PRIORITY OFF 
GO
ALTER DATABASE [TMDT-Lab05] SET RECOVERY SIMPLE 
GO
ALTER DATABASE [TMDT-Lab05] SET  MULTI_USER 
GO
ALTER DATABASE [TMDT-Lab05] SET PAGE_VERIFY CHECKSUM  
GO
ALTER DATABASE [TMDT-Lab05] SET DB_CHAINING OFF 
GO
ALTER DATABASE [TMDT-Lab05] SET FILESTREAM( NON_TRANSACTED_ACCESS = OFF ) 
GO
ALTER DATABASE [TMDT-Lab05] SET TARGET_RECOVERY_TIME = 0 SECONDS 
GO
USE [TMDT-Lab05]
GO
/****** Object:  Table [dbo].[Category]    Script Date: 9/26/2015 4:44:37 AM ******/
SET ANSI_NULLS ON
GO
SET QUOTED_IDENTIFIER ON
GO
CREATE TABLE [dbo].[Category](
	[id] [int] IDENTITY(1,1) NOT NULL,
	[name] [nvarchar](50) NOT NULL,
 CONSTRAINT [PK_Category] PRIMARY KEY CLUSTERED 
(
	[id] ASC
)WITH (PAD_INDEX = OFF, STATISTICS_NORECOMPUTE = OFF, IGNORE_DUP_KEY = OFF, ALLOW_ROW_LOCKS = ON, ALLOW_PAGE_LOCKS = ON) ON [PRIMARY]
) ON [PRIMARY]

GO
/****** Object:  Table [dbo].[Product]    Script Date: 9/26/2015 4:44:37 AM ******/
SET ANSI_NULLS ON
GO
SET QUOTED_IDENTIFIER ON
GO
SET ANSI_PADDING ON
GO
CREATE TABLE [dbo].[Product](
	[id] [int] IDENTITY(1,1) NOT NULL,
	[name] [nvarchar](50) NOT NULL,
	[price] [float] NOT NULL,
	[userid] [varchar](30) NOT NULL,
	[categoryid] [int] NOT NULL,
 CONSTRAINT [PK_Product] PRIMARY KEY CLUSTERED 
(
	[id] ASC
)WITH (PAD_INDEX = OFF, STATISTICS_NORECOMPUTE = OFF, IGNORE_DUP_KEY = OFF, ALLOW_ROW_LOCKS = ON, ALLOW_PAGE_LOCKS = ON) ON [PRIMARY]
) ON [PRIMARY]

GO
SET ANSI_PADDING OFF
GO
/****** Object:  Table [dbo].[User]    Script Date: 9/26/2015 4:44:37 AM ******/
SET ANSI_NULLS ON
GO
SET QUOTED_IDENTIFIER ON
GO
SET ANSI_PADDING ON
GO
CREATE TABLE [dbo].[User](
	[username] [varchar](30) NOT NULL,
	[password] [varchar](30) NOT NULL,
 CONSTRAINT [PK_User] PRIMARY KEY CLUSTERED 
(
	[username] ASC
)WITH (PAD_INDEX = OFF, STATISTICS_NORECOMPUTE = OFF, IGNORE_DUP_KEY = OFF, ALLOW_ROW_LOCKS = ON, ALLOW_PAGE_LOCKS = ON) ON [PRIMARY]
) ON [PRIMARY]

GO
SET ANSI_PADDING OFF
GO
SET IDENTITY_INSERT [dbo].[Category] ON 

INSERT [dbo].[Category] ([id], [name]) VALUES (1, N'Laptop')
INSERT [dbo].[Category] ([id], [name]) VALUES (2, N'Moblie')
INSERT [dbo].[Category] ([id], [name]) VALUES (3, N'Watch')
SET IDENTITY_INSERT [dbo].[Category] OFF
SET IDENTITY_INSERT [dbo].[Product] ON 

INSERT [dbo].[Product] ([id], [name], [price], [userid], [categoryid]) VALUES (2, N'Nokia Lumia 430', 2300000, N'1212100', 2)
INSERT [dbo].[Product] ([id], [name], [price], [userid], [categoryid]) VALUES (3, N'Asus K45A', 12000000, N'1212100', 1)
INSERT [dbo].[Product] ([id], [name], [price], [userid], [categoryid]) VALUES (4, N'Orient 3A', 1500000, N'1212101', 3)
INSERT [dbo].[Product] ([id], [name], [price], [userid], [categoryid]) VALUES (5, N'Asus Zenphone 4', 3400000, N'1212102', 2)
INSERT [dbo].[Product] ([id], [name], [price], [userid], [categoryid]) VALUES (6, N'Dell A34', 12000000, N'1212102', 1)
SET IDENTITY_INSERT [dbo].[Product] OFF
INSERT [dbo].[User] ([username], [password]) VALUES (N'1212100', N'12345')
INSERT [dbo].[User] ([username], [password]) VALUES (N'1212101', N'12345')
INSERT [dbo].[User] ([username], [password]) VALUES (N'1212102', N'12345')
INSERT [dbo].[User] ([username], [password]) VALUES (N'1212103', N'12345')
INSERT [dbo].[User] ([username], [password]) VALUES (N'1212104', N'12345')
INSERT [dbo].[User] ([username], [password]) VALUES (N'1212105', N'12345')
INSERT [dbo].[User] ([username], [password]) VALUES (N'1212106', N'123456')
ALTER TABLE [dbo].[Product]  WITH CHECK ADD  CONSTRAINT [FK_Product_Category] FOREIGN KEY([categoryid])
REFERENCES [dbo].[Category] ([id])
GO
ALTER TABLE [dbo].[Product] CHECK CONSTRAINT [FK_Product_Category]
GO
ALTER TABLE [dbo].[Product]  WITH CHECK ADD  CONSTRAINT [FK_Product_User] FOREIGN KEY([userid])
REFERENCES [dbo].[User] ([username])
GO
ALTER TABLE [dbo].[Product] CHECK CONSTRAINT [FK_Product_User]
GO
USE [master]
GO
ALTER DATABASE [TMDT-Lab05] SET  READ_WRITE 
GO
